{"cameraMode":{"drawMode":0,"name":"Shaded","section":"Shading Mode"},"sceneLighting":false,"audioPlay":false,"sceneViewState":{"showFog":true,"showMaterialUpdate":false,"showSkybox":false,"showFlares":true,"showImageEffects":true,"showParticleSystems":true},"in2DMode":false,"pivot":{"x":3.0240182876586916,"y":0.15501701831817628,"z":0.2827998399734497},"rotation":{"x":-0.08042958378791809,"y":-0.9104726314544678,"z":0.21155902743339539,"w":-0.34614086151123049},"size":3.3490469455718996,"orthographic":false}