{"cameraMode":{"drawMode":0,"name":"Shaded","section":"Shading Mode"},"sceneLighting":true,"audioPlay":false,"sceneViewState":{"m_AlwaysRefresh":false,"showFog":true,"showSkybox":true,"showFlares":true,"showImageEffects":true,"showParticleSystems":true,"showVisualEffectGraphs":true,"m_FxEnabled":true},"in2DMode":false,"pivot":{"x":-13.286789894104004,"y":-8.139684677124024,"z":25.965248107910158},"rotation":{"x":-0.1274610459804535,"y":0.005055930931121111,"z":-0.0006487421342171729,"w":-0.9918357133865356},"size":25.620990753173829,"orthographic":false}